scode,hycode,companycode,sname,publishname,mkt,reporttimetypecode,combinetypecode,dataajusttype,noticedate,reportdate,sumasset,fixedasset,monetaryfund,monetaryfund_tb,accountrec,accountrec_tb,inventory,inventory_tb,sumliab,accountpay,accountpay_tb,advancereceive,advancereceive_tb,sumshequity,sumshequity_tb,tsatz,tdetz,ld,zcfzl,cashanddepositcbank,cashanddepositcbank_tb,loanadvances,loanadvances_tb,saleablefasset,saleablefasset_tb,borrowfromcbank,borrowfromcbank_tb,acceptdeposit,acceptdeposit_tb,sellbuybackfasset,sellbuybackfasset_tb,settlementprovision,settlementprovision_tb,borrowfund,borrowfund_tb,agenttradesecurity,agenttradesecurity_tb,premiumrec,premiumrec_tb,stborrow,stborrow_tb,premiumadvance,premiumadvance_tb,eutime
000001,016029,10000590,平安银行,银行,szzb,001,001,2,2021-02-02T00:00:00,2019-12-31T00:00:00,3939070000000.0,-,-,-,-,-,-,-,3626087000000.0,-,-,-,-,312983000000.0,0.303867656493447,0.152249,0.140799,-,0.9205439355,252230000000.0,-0.0944177964154412,2259349000000.0,0.158784915248413,-,-,113331000000.0,-0.243228985816929,2459768000000.0,0.144534888806789,40099000000.0,4.01990485728593,-,-,-,-,-,-,-,-,-,-,-,-,2021-02-01T19:02:26
600291,016028,10000237,西水股份,保险,shzb,001,001,2,2021-01-26T00:00:00,2019-12-31T00:00:00,100909092397.38,-,1180193881.82,-0.368126829857542,-,-,-,-,75734046035.55,-,-,-,-,25175046361.83,-0.113522963952473,-0.323134,-0.372459,-,0.7505175623,-,-,-,-,-,-,-,-,-,-,45005643476.37,0.27856941694233,-,-,-,-,-,-,370440996.27,0.0938888095892013,290000000.0,0.0,565493019.77,0.0492296871738326,2021-01-25T19:58:27
688607,,81019009,康众医疗,,,001,001,2,2021-01-13T00:00:00,2019-12-31T00:00:00,383056434.9,7516103.07,94698811.49,-0.206897254008496,72375315.61,0.536221266866921,44598693.26,0.159957316200562,89441553.15,24536191.63,0.641185598413739,1623458.26,0.835843361930293,293614881.75,0.197411419718373,0.295251855250091,0.770035410277333,-,0.233494454083116,-,-,-,-,-,-,-,-,-,-,-,-,-,-,-,-,-,-,-,-,-,-,-,-,2021-01-12T19:30:44
600361,016036,10000289,华联综超,商业百货,shzb,001,001,2,2021-01-12T00:00:00,2019-12-31T00:00:00,9537094751.39,746642768.46,3878513466.21,-0.166717514435485,56275047.15,-0.281484280927128,1244550979.98,0.0425358272368855,6782101022.07,2847107039.5,0.0361689839000715,504639386.08,0.0604007756280482,2754993729.32,0.0138835843864371,-0.066927,-0.096189,0.008804,0.7111286192,-,-,-,-,-,-,-,-,-,-,-,-,-,-,-,-,-,-,-,-,-,-,-,-,2021-01-11T16:03:40
605055,016010,80994749,迎丰股份,纺织服装,shzb,001,001,2,2021-01-12T00:00:00,2019-12-31T00:00:00,1315530050.57,441510608.06,126780623.68,0.101599528662376,56572247.62,0.155769406627282,76218809.49,-0.0357151515265234,656056088.46,77256347.49,-0.0396003408179217,744923.67,-0.343145716733242,659473962.11,0.208952521399687,0.377504524869863,0.602021809221282,-,0.498700951890639,-,-,-,-,-,-,-,-,-,-,-,-,-,-,-,-,-,-,-,-,-,-,-,-,2021-01-12T07:38:36
688628,016021,80319021,优利德,仪器仪表,,001,001,2,2021-01-12T00:00:00,2019-12-31T00:00:00,435174664.93,171648839.08,68782807.64,2.22751541261401,47850486.96,0.0735139049551017,113261987.9,0.0988810061269336,168187818.1,91468412.87,-0.00361195506535776,17493528.71,0.269483155289874,266986846.83,0.601228278725553,0.177233535451897,-0.17116178739679,-,0.386483478138724,-,-,-,-,-,-,-,-,-,-,-,-,-,-,-,-,-,-,-,-,-,-,-,-,2021-01-11T19:44:17
605303,016046,80463423,园林股份,园林工程,shzb,001,001,2,2021-01-12T00:00:00,2019-12-31T00:00:00,2939475961.08,3021480.99,272554161.14,-0.318811619206764,1187162653.47,0.721392997789182,726431428.43,-0.0349919980894915,1978065939.06,1262524758.43,0.288020588934902,200000.0,-0.958225430403338,961410022.02,0.172563450978715,0.224735007493986,0.251805883494428,-,0.672931490255574,-,-,-,-,-,-,-,-,-,-,-,-,-,-,-,-,-,-,-,-,-,-,-,-,2021-01-12T07:39:35
688317,016047,80453302,之江生物,医疗行业,,001,001,2,2021-01-12T00:00:00,2019-12-31T00:00:00,641930146.52,116698344.82,246085322.07,-0.0750153224262125,112057769.62,0.0700080005764034,41300045.02,0.255083675787403,70086937.31,34730714.93,0.398156626446186,7074617.1,0.0465826098131908,571843209.21,0.0735526050048121,0.107465,0.492003,0.07085693,0.1091815639,-,-,-,-,-,-,-,-,-,-,-,-,-,-,-,-,-,-,-,-,-,-,-,-,2021-01-11T19:31:15
605368,016006,80187274,蓝天燃气,公用事业,shzb,001,001,2,2021-01-12T00:00:00,2019-12-31T00:00:00,3743899273.39,2205984348.53,597823348.59,0.492138060982199,15253367.65,-0.560026747744486,95005659.45,-0.0954350882503816,2033057903.1,250868470.61,0.611566425487935,518344722.87,0.0291219765175615,1710841370.29,0.110972808399898,0.0988324772865738,0.0888199624521518,-,0.543032211777194,-,-,-,-,-,-,-,-,-,-,-,-,-,-,-,-,-,-,-,-,-,-,-,-,2021-01-12T07:52:09
688350,016041,80288603,富淼科技,化工行业,,001,001,2,2021-01-11T00:00:00,2019-12-31T00:00:00,1275510964.99,426682184.23,128456566.34,0.193420153963268,229210261.37,-0.162466929013427,107177299.13,-0.112930478987571,370242032.84,232156713.12,0.145100995911692,7253100.22,0.01744348453079,905268932.15,0.0282324464401822,-0.01247,-0.099617,0.01873042,0.2902695806,-,-,-,-,-,-,-,-,-,-,-,-,-,-,-,-,-,-,-,-,-,-,-,-,2021-01-10T16:08:41
003036,016043,80062092,泰坦股份,机械行业,zxb,001,001,2,2021-01-11T00:00:00,2019-12-31T00:00:00,1194531393.35,91654736.71,352096261.28,0.167947131906553,229167170.73,-0.102636918709529,104471105.14,-0.0375562796370236,426035176.42,187453336.91,0.0725764029829768,38887438.61,-0.272919569264282,768496216.93,0.250847156671395,0.0657545871570746,-0.158783001219057,-,0.356654650343853,-,-,-,-,-,-,-,-,-,-,-,-,-,-,-,-,-,-,-,-,-,-,-,-,2021-01-11T07:34:33
601965,016035,80078488,中国汽研,汽车行业,shzb,001,001,2,2021-01-09T00:00:00,2019-12-31T00:00:00,6058548069.85,2632648088.63,1146343069.65,-0.100466992965028,363895224.95,0.102448724683212,284457478.22,0.18514080082262,1344952466.96,363299270.34,0.173570577949327,323978584.05,0.00768591016396172,4713595602.89,0.0523705735553158,0.061662,0.095561,0.02247179,0.2219925387,-,-,-,-,-,-,-,-,-,-,-,-,-,-,-,-,-,-,-,-,-,-,-,-,2021-01-08T19:18:08
600729,016036,10000536,重庆百货,商业百货,shzb,001,001,2,2021-01-09T00:00:00,2019-12-31T00:00:00,15147771524.1,3037902847.08,4045998229.34,0.323831634902863,176073775.98,0.32006989411692,2799106056.63,0.151556312140867,8689673016.56,3045153071.34,0.066002816422081,2223090813.49,0.0956947537406329,6458098507.54,0.128830761462246,0.073122,0.035156,0.01104242,0.5736601587,-,-,-,-,-,-,-,-,-,-,-,-,-,-,-,-,-,-,-,-,-,-,-,-,2021-01-08T16:34:40
688656,016024,80994699,浩欧博,医药制造,,001,001,2,2021-01-08T00:00:00,2019-12-31T00:00:00,283177230.47,81552625.14,90762405.16,0.364400827687529,19912475.96,-0.0818670698155075,59631106.75,0.212952795598463,133541173.15,5860661.91,1.00337917881498,5206479.22,0.137431477399312,149636057.32,0.124074413227396,0.257314,0.449885,0.0143612,0.4715816061,-,-,-,-,-,-,-,-,-,-,-,-,-,-,-,-,-,-,-,-,-,-,-,-,2021-01-07T19:19:17
300937,016047,81018359,药易购,医疗行业,cyb,001,001,2,2021-01-08T00:00:00,2019-12-31T00:00:00,746670014.83,103241948.78,123166034.03,0.261630232746078,29871617.36,0.426613552821162,291916848.07,0.310707647417569,259566630.66,87986688.13,0.127019541073321,11618461.99,0.244687543484127,487103384.17,0.179503236069303,0.177023,0.172396,0.02268371,0.3476323215,-,-,-,-,-,-,-,-,-,-,-,-,-,-,-,-,-,-,-,-,-,-,-,-,2021-01-08T07:15:01
300936,016015,80636770,中英科技,通讯行业,cyb,001,001,2,2021-01-07T00:00:00,2019-12-31T00:00:00,375198286.42,81940590.8,68896550.9,-0.332325898219562,70550062.37,0.390378998710946,30872659.25,0.00826812699921027,73187330.76,30834117.31,0.887567183605629,1120.02,-0.998903375099538,302010955.66,0.187588532589904,0.319496,1.436031,0.03314171,0.1950630731,-,-,-,-,-,-,-,-,-,-,-,-,-,-,-,-,-,-,-,-,-,-,-,-,2021-01-07T07:49:49
003035,016048,80312513,南网能源,环保工程,zxb,001,001,2,2021-01-07T00:00:00,2019-12-31T00:00:00,8882260320.19,5505675347.71,695837741.79,1.60626975684895,844663815.3,0.490025529880079,57739984.31,1.99933197524057,4392095330.6,1027510744.5,0.496953606527803,40186468.34,1.28768364803188,4490164989.59,1.34151724468819,0.327756,-0.07962,0.01215488,0.4944794649,-,-,-,-,-,-,-,-,-,-,-,-,-,-,-,-,-,-,-,-,-,-,-,-,2021-01-07T07:12:48
605398,016057,80994782,新炬网络,软件服务,shzb,001,001,2,2021-01-07T00:00:00,2019-12-31T00:00:00,547037262.76,2437094.22,287069912.29,0.441607932009823,201032603.88,0.0804328138055947,44953520.24,-0.0792821300020882,219934878.08,96808973.18,0.161021795478351,3549893.13,-0.21361877790105,327102384.68,0.365923918210913,0.2221,0.05663,0.02459718,0.4020473431,-,-,-,-,-,-,-,-,-,-,-,-,-,-,-,-,-,-,-,-,-,-,-,-,2021-01-07T07:52:21
002409,016041,80140712,雅克科技,化工行业,zxb,001,001,2,2021-01-07T00:00:00,2019-12-31T00:00:00,5070496765.97,695829870.94,843372617.67,0.146145265941598,343275241.71,-0.0829989284107595,312089822.27,-0.0346652731127155,523711991.9,102370952.87,-0.100124861255711,43030050.32,4.6450886956663,4546784774.07,0.0685146790753453,0.065815,0.042937,0.04071981,0.1032861307,-,-,-,-,-,-,-,-,-,-,-,-,-,-,-,-,-,-,-,-,-,-,-,-,2021-01-06T15:51:02
605228,016035,80995079,神通科技,汽车行业,shzb,001,001,2,2021-01-06T00:00:00,2019-12-31T00:00:00,1842730426.03,538449447.56,197098479.1,0.0129107346732403,338785363.65,-0.0372687811583534,271919874.49,-0.178455102588475,978253540.66,361797470.76,-0.148773712970198,6024397.74,-0.769981823272957,864476885.37,0.156167350218632,-0.023132,-0.14087,0.01075976,0.5308717579,-,-,-,-,-,-,-,-,-,-,-,-,-,-,-,-,-,-,-,-,-,-,-,-,2021-01-06T06:59:24
605005,016035,80994694,合兴股份,汽车行业,shzb,001,001,2,2021-01-06T00:00:00,2019-12-31T00:00:00,1282046006.49,379570379.51,85565608.89,0.178267648352856,276772480.28,0.0615151988889195,259925072.17,-0.192751800221365,356943049.49,126579085.99,0.0899817997127722,30716652.49,-0.375806871967887,925102957.0,0.16535127539343,-0.009781,-0.287353,0.02308383,0.2784167243,-,-,-,-,-,-,-,-,-,-,-,-,-,-,-,-,-,-,-,-,-,-,-,-,2021-01-06T07:04:55
300935,016057,80393279,盈建科,软件服务,cyb,001,001,2,2021-01-06T00:00:00,2019-12-31T00:00:00,220424812.47,942757.05,170063490.11,0.342464679225594,39516717.38,0.0216669915059377,-,-,33294506.63,5157357.54,0.282060078644272,492734.77,0.216080474314427,187130305.84,0.275826581584489,0.270655,0.242351,0.06515094,0.1510469999,-,-,-,-,-,-,-,-,-,-,-,-,-,-,-,-,-,-,-,-,-,-,-,-,2021-01-06T07:12:23
300932,016022,81018318,三友联众,电子元件,cyb,001,001,2,2021-01-05T00:00:00,2019-12-31T00:00:00,1209832741.23,326545496.9,73121798.8,0.00488496895971983,368927977.46,0.214829724927762,162716501.66,0.370032449677095,491156777.78,194595632.23,0.370251605800611,6714666.8,1.79603298060193,718675963.45,0.15725435081153,0.15238,0.145322,0.01558036,0.4059708099,-,-,-,-,-,-,-,-,-,-,-,-,-,-,-,-,-,-,-,-,-,-,-,-,2021-01-05T08:25:15
688689,016022,80646313,银河微电,电子元件,,001,001,2,2021-01-05T00:00:00,2019-12-31T00:00:00,699439280.72,157364039.16,198728740.46,0.56789421475137,140821769.87,-0.074640426644211,79531715.66,0.092736235809469,193483043.06,114597244.31,0.00324001633037737,1980870.68,0.627972092616308,505956237.66,0.0692360624964775,0.066948,0.061012,0.02719005,0.2766259322,-,-,-,-,-,-,-,-,-,-,-,-,-,-,-,-,-,-,-,-,-,-,-,-,2021-01-04T19:31:18
688680,016018,80393304,海优新材,塑胶制品,,001,001,2,2021-01-05T00:00:00,2019-12-31T00:00:00,1044071299.04,158065342.53,82552950.53,12.6920339092604,274744379.51,0.214618535881962,88430296.21,-0.0200196138067621,501212355.12,140272188.81,0.624050931072644,2231399.74,1.54804838871662,542858943.92,0.206679354216939,0.272394,0.352149,0.01736343,0.4800556778,-,-,-,-,-,-,-,-,-,-,-,-,-,-,-,-,-,-,-,-,-,-,-,-,2021-01-04T19:31:31
688669,016041,80444981,聚石化学,化工行业,,001,001,2,2021-01-05T00:00:00,2019-12-31T00:00:00,1274318624.3,252115967.79,145794539.87,0.370804548998794,391114198.08,0.295488761211828,160640009.52,0.21544180892468,704531472.95,147275795.37,-0.0871745077035674,27276740.0,-0.428224316256749,569787151.35,0.348377147019612,0.271122,0.21483,0.01460175,0.5528691644,-,-,-,-,-,-,-,-,-,-,-,-,-,-,-,-,-,-,-,-,-,-,-,-,2021-01-04T19:52:59
300933,016020,81016893,中辰股份,输配电气,cyb,001,001,2,2021-01-05T00:00:00,2019-12-31T00:00:00,1892741299.57,226174777.85,381945928.67,0.345877652955191,771776199.27,0.206653703416099,331467435.61,0.145571947819803,924736445.9,173038396.53,0.2796096234108,26008498.89,-0.252839132560275,968004853.67,0.110408194311641,0.130356,0.15202,0.01683137,0.4885699097,-,-,-,-,-,-,-,-,-,-,-,-,-,-,-,-,-,-,-,-,-,-,-,-,2021-01-05T07:21:45
688617,016047,81051468,惠泰医疗,医疗行业,,001,001,2,2021-01-04T00:00:00,2019-12-31T00:00:00,561030054.42,111600806.2,73518073.32,-0.189953877462302,47062179.55,0.852198008671429,142837492.85,0.77722953712282,215129832.7,11018661.54,0.618174285240934,4096126.97,0.190505450071675,345900221.72,0.277803142412486,0.721896,2.9028,0.0270377,0.3834550948,-,-,-,-,-,-,-,-,-,-,-,-,-,-,-,-,-,-,-,-,-,-,-,-,2021-01-03T15:20:46
603377,016003,80133895,东方时尚,交运物流,shzb,001,001,2,2021-01-04T00:00:00,2019-12-31T00:00:00,4460510115.65,921326005.25,368017574.59,0.0250285626862911,6829454.39,80.0882604026858,794120299.99,0.0440270454828403,2307877167.88,217552075.18,-0.0358656796025295,374742003.52,0.0221657464049509,2152632947.77,0.0419251028276648,0.112105,0.186657,0.00804222,0.5174020702,-,-,-,-,-,-,-,-,-,-,-,-,-,-,-,-,-,-,-,-,-,-,-,-,2021-01-04T07:27:16
300927,016041,80006365,江天化学,化工行业,cyb,001,001,2,2020-12-31T00:00:00,2019-12-31T00:00:00,515601359.39,104895171.43,64266383.14,0.0750013171807263,44274017.7,-0.217580793491886,44801551.74,-0.0400821282940869,248518709.52,91421206.18,0.775908035994043,4107444.07,-0.363472710393258,267082649.87,0.13943661803453,0.228954,0.342284,0.01110065,0.4819977779,-,-,-,-,-,-,-,-,-,-,-,-,-,-,-,-,-,-,-,-,-,-,-,-,2020-12-30T21:34:48
300931,016043,80520714,通用电梯,机械行业,cyb,001,001,2,2020-12-31T00:00:00,2019-12-31T00:00:00,638570973.64,56860007.55,257946265.68,0.0389728591539074,224871110.22,0.108140870850762,53806061.15,-0.320755847173341,163091968.73,108447147.84,0.0548011281960545,31902727.53,-0.4612468577845,475479004.91,0.153695955640721,-0.019283,-0.317581,0.0357948,0.2554014753,-,-,-,-,-,-,-,-,-,-,-,-,-,-,-,-,-,-,-,-,-,-,-,-,2020-12-31T09:39:38
300926,016035,80495752,博俊科技,汽车行业,cyb,001,001,2,2020-12-31T00:00:00,2019-12-31T00:00:00,1127624639.56,368721890.6,69769230.52,2.91600161903897,248725013.48,0.283728415161213,182905356.78,0.244276914105121,651720452.59,225863377.82,0.346739487730214,25342706.15,2.28433651777575,475904186.97,0.154554323044937,0.277078,0.384356,0.00978223,0.5779586839,-,-,-,-,-,-,-,-,-,-,-,-,-,-,-,-,-,-,-,-,-,-,-,-,2020-12-30T21:38:26
300930,016040,80994692,屹通新材,材料行业,cyb,001,001,2,2020-12-31T00:00:00,2019-12-31T00:00:00,380883146.21,58556274.5,59105214.09,-0.0978817338128524,39372250.66,-0.195472969113445,17374075.57,0.0428765733524528,92874158.79,46249889.56,0.341919449071284,692732.28,-0.367509793645785,288008987.42,0.258190664775231,0.190841,0.021306,0.02710073,0.2438389824,-,-,-,-,-,-,-,-,-,-,-,-,-,-,-,-,-,-,-,-,-,-,-,-,2020-12-31T07:22:04
600865,016036,10000814,百大集团,商业百货,shzb,001,001,2,2020-12-30T00:00:00,2019-12-31T00:00:00,2255096944.24,92356441.23,313832386.0,0.314280609068775,10593415.09,-0.124500413501765,388308.73,-0.540857838475409,354924139.97,99201407.9,0.0589724591150055,78569741.17,0.463211759494831,1900172804.27,0.0733441538062922,0.084608,0.14917,0.04139801,0.1573875309,-,-,-,-,-,-,-,-,-,-,-,-,-,-,-,-,-,-,-,-,-,-,-,-,2020-12-29T16:11:05
601963,016029,80001142,重庆银行,银行,shzb,001,001,2,2020-12-30T00:00:00,2019-12-31T00:00:00,501231864000.0,-,-,-,-,-,-,-,462618195000.0,-,-,-,-,38613669000.0,0.115628838943552,0.112936,0.112712,-,0.9229624615,32033098000.0,-0.0356368325332322,238626834000.0,0.158814645917625,-,-,12449180000.0,2.84979313343396,281048911000.0,0.0961594243283037,13430591000.0,0.269289036622717,-,-,-,-,-,-,-,-,-,-,-,-,2020-12-30T07:05:08
300929,016048,80205700,华骐环保,环保工程,cyb,001,001,2,2020-12-30T00:00:00,2019-12-31T00:00:00,1208246649.86,62898923.84,108485963.79,2.09662623078952,338410535.4,0.200754789526711,132021051.45,-0.0422010819100716,757032467.82,333513267.74,0.385072210832267,16128295.97,0.272554118150208,451214182.04,0.18987025370905,0.270008,0.323122,0.01261041,0.6265545763,-,-,-,-,-,-,-,-,-,-,-,-,-,-,-,-,-,-,-,-,-,-,-,-,2020-12-30T09:50:11
003032,016060,80533669,传智教育,文教休闲,zxb,001,001,2,2020-12-30T00:00:00,2019-12-31T00:00:00,1122203228.03,4978083.2,882124172.43,0.151195404445715,4184944.82,-0.331202308572407,-,-,343285093.83,24578801.7,0.0837855918893257,215226854.21,-0.0796772701758989,778918134.2,0.31023899417625,0.19365,-0.006867,0.02669961,0.3059027859,-,-,-,-,-,-,-,-,-,-,-,-,-,-,-,-,-,-,-,-,-,-,-,-,2020-12-30T06:53:07
300340,016040,80167143,科恒股份,材料行业,cyb,001,001,2,2020-12-30T00:00:00,2019-12-31T00:00:00,3336082641.27,329662960.49,208832367.6,-0.41477577414526,807356975.0,-0.199385905586514,743544112.2,-0.014826218679517,1885224779.31,504336040.29,-0.150098822084902,252072164.65,-0.140545485701221,1450857861.96,0.0112610232398065,-0.07754,-0.135933,0.01136025,0.5651013425,-,-,-,-,-,-,-,-,-,-,-,-,-,-,-,-,-,-,-,-,-,-,-,-,2020-12-30T16:50:18
600814,016036,10000763,杭州解百,商业百货,shzb,001,001,2,2020-12-30T00:00:00,2019-12-31T00:00:00,5753866795.92,777463070.63,2244292530.14,-0.218440325890942,57509051.16,0.135899686309302,43304894.76,-0.0108573219258327,2178251861.36,762857433.56,0.0647856227402588,1085817517.15,0.00262222581938474,3575614934.56,0.0700603801215459,0.057317,0.037044,0.01751425,0.3785718263,-,-,-,-,-,-,-,-,-,-,-,-,-,-,-,-,-,-,-,-,-,-,-,-,2020-12-29T16:48:41
600857,016036,10000806,宁波中百,商业百货,shzb,001,001,2,2020-12-30T00:00:00,2019-12-31T00:00:00,1378824529.99,195591746.46,59497297.74,-0.394313546856535,1322681.44,-0.478221281053331,54436483.36,0.501194495777453,733197547.28,69361723.84,-0.1977312407055,3580608.34,0.111456941056797,645626982.71,2.18507101438672,0.67235,0.179193,0.04046276,0.5317555144,-,-,-,-,-,-,-,-,-,-,-,-,-,-,-,-,-,-,-,-,-,-,-,-,2020-12-29T18:37:32
300894,016019,80650875,火星人,家电行业,cyb,001,001,2,2020-12-28T00:00:00,2019-12-31T00:00:00,1156820736.26,480571535.58,314055685.2,0.504682878181136,49344581.8,3.87919667655554,120771764.33,-0.0559866146107067,574944287.17,198259445.22,0.248356766990042,73833267.61,0.226537353474791,581876449.09,0.427030856765276,0.347524,0.275598,0.00910882,0.4970037873,-,-,-,-,-,-,-,-,-,-,-,-,-,-,-,-,-,-,-,-,-,-,-,-,2020-12-27T16:50:04
688686,016021,81018306,奥普特,仪器仪表,,001,001,2,2020-12-28T00:00:00,2019-12-31T00:00:00,645834585.22,13153919.83,94385792.8,-0.424280165254656,179665513.69,0.384231410145127,53809000.59,-0.179145047117937,82298818.69,27312517.64,0.192265736283168,1709957.89,0.24658813910849,563535766.53,0.576520850657438,0.486367,0.068121,0.07139774,0.1274301819,-,-,-,-,-,-,-,-,-,-,-,-,-,-,-,-,-,-,-,-,-,-,-,-,2020-12-27T15:28:01
300055,016048,80139913,万邦达,环保工程,cyb,001,001,2,2020-12-25T00:00:00,2019-12-31T00:00:00,7157222680.32,614690693.92,510920179.46,-0.270163305841625,547173635.55,-0.499040128233581,39486096.72,-0.932809131132788,1344960189.92,570855444.18,-0.112053869966202,46263546.83,-0.213887687662162,5812262490.4,0.0160055816758648,-0.034838,-0.206038,0.03019241,0.1879164936,-,-,-,-,-,-,-,-,-,-,-,-,-,-,-,-,-,-,-,-,-,-,-,-,2020-12-29T10:16:51
688618,016015,81056910,三旺通信,通讯行业,,001,001,2,2020-12-25T00:00:00,2019-12-31T00:00:00,267978244.7,2366743.57,125992468.46,3.05758727622344,66829709.97,0.344590737331743,36169359.51,0.0619496356813328,44062196.42,26582806.35,0.214180695448077,1500296.7,-0.642643348030316,223916048.28,0.858515711889362,0.684136,0.140385,0.05973125,0.1644245281,-,-,-,-,-,-,-,-,-,-,-,-,-,-,-,-,-,-,-,-,-,-,-,-,2020-12-24T19:29:33
688819,016007,80290132,天能股份,电力行业,,001,001,2,2020-12-25T00:00:00,2019-12-31T00:00:00,17957843776.24,4219621224.17,4379515371.63,-0.0110621389372059,859318193.49,0.333251941134962,3508784526.73,0.238862526662634,12616978452.76,2059978986.89,0.0965064465676464,910126231.65,-0.152964805619646,5340865323.48,0.321453657063431,0.075902,-0.002556,0.01103993,0.7025887189,-,-,-,-,-,-,-,-,-,-,-,-,-,-,-,-,-,-,-,-,-,-,-,-,2020-12-24T20:28:35
601956,016043,80031022,东贝集团,机械行业,shzb,001,001,2,2020-12-24T00:00:00,2019-12-31T00:00:00,5988107456.05,1543217387.49,716629911.89,-,1345154403.15,-,791729783.81,-,4212505261.03,941276962.53,-,55594140.85,-,1775602195.02,-,-,-,0.01060515,0.7034785685,-,-,-,-,-,-,-,-,-,-,-,-,-,-,-,-,-,-,-,-,-,-,-,-,2020-12-23T20:09:31
688698,016020,81045998,伟创电气,输配电气,,001,001,2,2020-12-24T00:00:00,2019-12-31T00:00:00,451417565.64,88828807.73,62765070.75,0.267371598746645,107011127.02,0.0223384542936031,56306947.45,-0.24685481424193,185976922.11,59234015.95,-0.0537678217013611,4472557.95,-0.0563615067441079,265440643.53,0.301298216791216,0.083509,-0.125408,0.0216349,0.4119842387,-,-,-,-,-,-,-,-,-,-,-,-,-,-,-,-,-,-,-,-,-,-,-,-,2020-12-23T19:24:34
688598,016040,80134434,金博股份,材料行业,,001,001,2,2020-12-24T00:00:00,2019-12-31T00:00:00,336917715.95,79483707.63,9986894.03,0.463555145502402,48687434.14,0.183067658691768,25322280.65,-0.211663778585769,66921587.41,8019182.81,4.07797017914587,10165549.32,-0.351867821706755,269996128.54,0.274416279656628,0.221892,0.047683,0.03853955,0.1986288766,-,-,-,-,-,-,-,-,-,-,-,-,-,-,-,-,-,-,-,-,-,-,-,-,2020-12-23T21:59:38
688063,016043,80401404,派能科技,机械行业,,001,001,2,2020-12-24T00:00:00,2019-12-31T00:00:00,796946022.88,139971788.11,113744021.01,9.28907934973364,153476622.85,0.199369371477373,152606762.75,0.0931552735399912,352495723.78,141697375.41,0.0127955499708505,5730141.43,-0.201217830596666,444450299.1,0.669422343972161,0.506118,0.340752,0.0151007,0.4423081535,-,-,-,-,-,-,-,-,-,-,-,-,-,-,-,-,-,-,-,-,-,-,-,-,2020-12-23T19:27:06
300646,016041,80277795,侨源气体,化工行业,cyb,001,001,2,2020-12-23T00:00:00,2019-12-31T00:00:00,996794422.31,388880204.53,26819204.79,-0.642782981680332,86257169.16,0.0136315909596996,24590639.25,0.288149321689909,246481891.98,24174829.53,0.532080219766305,18124808.24,0.0526569247794661,750312530.33,0.126270181571636,0.138364,0.176831,0.02125986,0.2472745498,-,-,-,-,-,-,-,-,-,-,-,-,-,-,-,-,-,-,-,-,-,-,-,-,2020-12-23T18:45:36
300646,016041,80277795,侨源气体,化工行业,cyb,001,001,2,2020-12-23T00:00:00,2019-12-31T00:00:00,996794422.31,388880204.53,26819204.79,-0.642782981680332,86257169.16,0.0136315909596996,24590639.25,0.288149321689909,246481891.98,24174829.53,0.532080219766305,18124808.24,0.0526569247794661,750312530.33,0.126270181571636,0.138364,0.176831,0.02125986,0.2472745498,-,-,-,-,-,-,-,-,-,-,-,-,-,-,-,-,-,-,-,-,-,-,-,-,2020-12-23T18:45:36
600745,016015,10000552,闻泰科技,通讯行业,shzb,001,001,2,2020-12-22T00:00:00,2019-12-31T00:00:00,65131751909.22,5118469344.02,7714232823.43,3.05328472298811,14021952661.85,1.90208721902067,5677778983.12,2.49346483305304,43709792447.21,15828862496.69,1.64633011879273,436645219.61,-0.421978032326893,21421959462.01,4.74170627628985,2.844352,2.308528,0.00992102,0.6710980615,-,-,-,-,-,-,-,-,-,-,-,-,-,-,-,-,-,-,-,-,-,-,-,-,2020-12-21T17:25:59
003030,016012,80468271,祖名股份,食品饮料,zxb,001,001,2,2020-12-22T00:00:00,2019-12-31T00:00:00,1023284456.96,656451865.96,119548778.19,0.0564294266978838,104053821.76,-0.0338801317249418,64334937.15,-0.137382991464623,518982449.8,63751172.91,-0.217388245260827,2116370.85,-0.388760850243635,504302007.16,0.190810083776038,0.005056,-0.127235,0.00891177,0.5071731973,-,-,-,-,-,-,-,-,-,-,-,-,-,-,-,-,-,-,-,-,-,-,-,-,2020-12-22T07:01:48
300922,016018,80390793,天秦装备,塑胶制品,cyb,001,001,2,2020-12-22T00:00:00,2019-12-31T00:00:00,412955424.54,82368939.66,158098549.49,0.129478978471228,34371169.64,-0.290027734993369,37455156.32,0.0659465447407557,48576852.82,25378202.62,-0.195874017977976,5899594.94,0.350016980260683,364378571.72,0.122485145536927,0.063235,-0.238338,0.06895016,0.1176321945,-,-,-,-,-,-,-,-,-,-,-,-,-,-,-,-,-,-,-,-,-,-,-,-,2020-12-21T21:51:07
300928,016035,80971878,华安鑫创,汽车行业,cyb,001,001,2,2020-12-22T00:00:00,2019-12-31T00:00:00,645864245.91,10584628.16,124879691.37,-0.201578315638685,427133359.06,0.331122282657141,8501652.33,-0.566759379211737,112558490.82,88817309.45,0.996746465204705,-,-,533305755.09,0.122787642704203,0.190872,0.670945,0.05173617,0.1742757732,-,-,-,-,-,-,-,-,-,-,-,-,-,-,-,-,-,-,-,-,-,-,-,-,2020-12-22T09:35:22
003033,016043,80507564,征和工业,机械行业,zxb,001,001,2,2020-12-22T00:00:00,2019-12-31T00:00:00,597886512.86,187059883.59,86276496.28,0.654140821385059,120741546.92,0.131898127101498,118708875.09,-0.0140182247804261,217490318.78,65288882.76,0.137246050751581,20380072.96,0.0148371559139344,380396194.08,0.233403561789969,0.13227,-0.009745,0.0207311,0.3637652198,-,-,-,-,-,-,-,-,-,-,-,-,-,-,-,-,-,-,-,-,-,-,-,-,2020-12-22T09:31:21
300613,016022,80350175,富瀚微,电子元件,cyb,001,001,2,2020-12-21T00:00:00,2019-12-31T00:00:00,1280431801.33,176434719.7,591475321.9,0.531478523205332,161535268.99,0.302737230691234,110347681.41,1.04730680432624,143017954.04,28532562.72,-0.0858191090388816,62581871.21,5.70484224945891,1137413847.29,0.0990763947700114,0.075954,-0.078265,0.08145765,0.1116950968,-,-,-,-,-,-,-,-,-,-,-,-,-,-,-,-,-,-,-,-,-,-,-,-,2020-12-21T20:17:04
605155,016040,80994747,西大门,材料行业,shzb,001,001,2,2020-12-21T00:00:00,2019-12-31T00:00:00,549490811.14,203632482.31,133854621.69,0.311348105141233,29027655.24,-0.0972083399362628,98370542.33,0.14304327485575,53519023.79,25541760.32,0.043026318256835,13530631.43,0.100676458255382,495971787.35,0.175328512000492,0.16576,0.083976,0.05328831,0.0973974864,-,-,-,-,-,-,-,-,-,-,-,-,-,-,-,-,-,-,-,-,-,-,-,-,2020-12-21T06:52:18
003031,016022,80994472,中瓷电子,电子元件,zxb,001,001,2,2020-12-21T00:00:00,2019-12-31T00:00:00,820173166.51,247125885.13,48358007.65,-0.752294255462622,105558143.78,-0.0138891933548125,178478720.39,0.492066122692442,255866516.55,154865444.36,0.656208038987795,7085417.22,1.31332902046671,564306649.96,0.156625135030683,0.20447,0.325388,0.02122422,0.3119664566,-,-,-,-,-,-,-,-,-,-,-,-,-,-,-,-,-,-,-,-,-,-,-,-,2020-12-21T06:55:46
002331,016057,80031883,皖通科技,软件服务,zxb,001,001,2,2020-12-19T00:00:00,2019-12-31T00:00:00,3228605273.87,364096120.34,929926269.6,0.0497471018197133,567790185.7,0.291045941996706,522442301.26,0.201440246344519,966673952.89,539863482.15,0.15195008692342,113029255.35,-0.0932226579985356,2261931320.98,0.0789479876109678,0.138025,0.305256,0.02345355,0.2994091476,-,-,-,-,-,-,-,-,-,-,-,-,-,-,-,-,-,-,-,-,-,-,-,-,2020-12-18T17:16:58
688560,016018,80553688,明冠新材,塑胶制品,,001,001,2,2020-12-18T00:00:00,2019-12-31T00:00:00,1055564846.36,142576171.94,106027803.77,-0.0609527699216676,354801773.35,0.0130635212419582,93546298.91,-0.0849053086910868,408325843.58,242516050.62,0.005690144350667,392028.69,-,647239002.78,0.193762858224499,0.070795,-0.079504,0.02349448,0.3868316049,-,-,-,-,-,-,-,-,-,-,-,-,-,-,-,-,-,-,-,-,-,-,-,-,2020-12-17T19:26:49
688658,016024,80300453,悦康药业,医药制造,,001,001,2,2020-12-18T00:00:00,2019-12-31T00:00:00,3467225154.74,1242555048.92,394748388.05,0.308705338516049,716983053.21,0.11207232946272,556680049.79,-0.204803009338217,2342474094.76,590706181.27,-0.226467093592444,41475747.36,-0.237585231331863,1124751059.98,0.334608276185832,0.014293,-0.090516,0.00853905,0.6756048397,-,-,-,-,-,-,-,-,-,-,-,-,-,-,-,-,-,-,-,-,-,-,-,-,2020-12-17T19:28:20
688679,016048,80457416,通源环境,环保工程,,001,001,2,2020-12-18T00:00:00,2019-12-31T00:00:00,1315596935.77,69788551.74,348194115.47,1.3662899809124,376160289.85,-0.00607747429810016,115010497.08,0.0865762236926264,660797813.95,282990810.53,0.230899190030145,51456649.67,2.16617840198527,654799121.82,0.353420571616493,0.324099,0.29627,0.01691677,0.5022798366,-,-,-,-,-,-,-,-,-,-,-,-,-,-,-,-,-,-,-,-,-,-,-,-,2020-12-17T19:24:20
300918,016010,80951389,南山智尚,纺织服装,cyb,001,001,2,2020-12-17T00:00:00,2019-12-31T00:00:00,2029905723.0,402279216.15,424924472.3,0.0135507703473962,230242867.45,-0.278480912564894,646774199.84,-0.112652041508682,976483491.35,210679091.63,0.411021219834903,82305628.89,-0.298179305583784,1053422231.65,0.129649034039469,-0.101711,-0.264267,0.01456172,0.4810486912,-,-,-,-,-,-,-,-,-,-,-,-,-,-,-,-,-,-,-,-,-,-,-,-,2020-12-16T20:59:54
300919,016040,81046883,中伟股份,材料行业,cyb,001,001,2,2020-12-17T00:00:00,2019-12-31T00:00:00,6163789632.3,1701792754.7,950633486.34,0.918433678027523,810691033.45,0.759977247027351,1039919753.96,0.748949660021018,4049639671.7,837267976.69,0.632906631042385,3700550.88,-0.871511215269664,2114149960.6,3.31424299054594,0.509404,0.126919,0.01168579,0.6570048482,-,-,-,-,-,-,-,-,-,-,-,-,-,-,-,-,-,-,-,-,-,-,-,-,2020-12-16T21:03:25
300917,016017,80995330,特发服务,房地产,cyb,001,001,2,2020-12-16T00:00:00,2019-12-31T00:00:00,484611735.47,7813887.14,179135841.16,0.515039545234685,205440623.29,0.354360445261533,3051679.69,0.313192400060873,217256873.96,57228409.38,0.230976340390134,10162124.65,0.557251334258935,267354861.51,0.400494440560906,0.325308,0.243176,0.01910748,0.4483112109,-,-,-,-,-,-,-,-,-,-,-,-,-,-,-,-,-,-,-,-,-,-,-,-,2020-12-15T21:11:12
605377,016025,80406509,华旺科技,造纸印刷,shzb,001,001,2,2020-12-16T00:00:00,2019-12-31T00:00:00,1967653210.37,301931332.31,215506807.88,0.792390224499285,151775981.35,-0.28508697349925,358016503.26,-0.0466360117294205,882248564.09,257258612.44,0.115134678085702,32240475.79,10.4003174524304,1085404646.28,0.198729360282361,0.154202,0.103761,0.01680203,0.4483760448,-,-,-,-,-,-,-,-,-,-,-,-,-,-,-,-,-,-,-,-,-,-,-,-,2020-12-16T06:59:27
605277,016007,80994787,新亚电子,电力行业,shzb,001,001,2,2020-12-15T00:00:00,2019-12-31T00:00:00,563537048.79,52004685.35,70938536.22,0.108013858959079,251348051.9,0.0517462167163162,94289235.07,0.094954311992961,189121529.03,43976219.31,0.200906945055811,2310322.14,0.0201890533549257,374415519.76,0.308595282848007,0.176289,-0.019895,0.02663716,0.3355973302,-,-,-,-,-,-,-,-,-,-,-,-,-,-,-,-,-,-,-,-,-,-,-,-,2020-12-15T07:30:40
688668,016022,80994759,鼎通科技,电子元件,,001,001,2,2020-12-15T00:00:00,2019-12-31T00:00:00,376968032.44,96961532.06,47691798.33,16.9866883875617,74235893.83,-0.117662379625582,62101004.18,0.096458149549644,93985171.71,38642945.87,-0.101541289372264,704796.29,1.0005987351199,282982860.73,0.35375712644037,0.283286,0.109403,0.03248256,0.2493186786,-,-,-,-,-,-,-,-,-,-,-,-,-,-,-,-,-,-,-,-,-,-,-,-,2020-12-14T19:16:46
605179,016012,80300468,一鸣食品,食品饮料,shzb,001,001,2,2020-12-15T00:00:00,2019-12-31T00:00:00,1390618711.43,479097142.71,287832012.28,-0.0659585835085187,37302689.14,-0.0831749252873258,59601198.76,0.227981583084513,729391693.34,176697912.98,0.179426022996864,220864640.47,0.126457557269188,661227018.09,0.356392482557331,0.368923,0.380483,0.00794646,0.5245087581,-,-,-,-,-,-,-,-,-,-,-,-,-,-,-,-,-,-,-,-,-,-,-,-,2020-12-15T07:00:43
003028,016022,81016892,振邦智能,电子元件,zxb,001,001,2,2020-12-14T00:00:00,2019-12-31T00:00:00,586943224.02,43152352.16,180994628.56,0.489933563625216,175432030.99,0.291924143690185,101913893.73,-0.119488871892827,191207749.25,97498789.32,0.828706975998387,3359208.03,-0.558684136817696,395735474.77,0.157515569933309,0.225466,0.394949,0.02953675,0.325768731,-,-,-,-,-,-,-,-,-,-,-,-,-,-,-,-,-,-,-,-,-,-,-,-,2020-12-14T07:01:05
003029,016057,80995108,吉大正元,软件服务,zxb,001,001,2,2020-12-14T00:00:00,2019-12-31T00:00:00,1054032923.64,5579346.42,602160407.25,0.0310678035040689,242451521.49,0.36690869072416,128803381.96,-0.312866143908703,360967628.48,169467222.62,0.153578503973008,112879861.63,-0.301708748396018,693065295.16,0.0631446283615541,0.020606,-0.052206,0.02788233,0.3424633333,-,-,-,-,-,-,-,-,-,-,-,-,-,-,-,-,-,-,-,-,-,-,-,-,2020-12-14T07:05:05
600738,016036,10000545,兰州民百,商业百货,shzb,001,001,2,2020-12-12T00:00:00,2019-12-31T00:00:00,3719286272.75,273732342.69,837518708.28,-0.611454204684079,816073.0,-0.683987102111506,1478841166.96,-0.131687809469704,2121178871.33,248125995.38,0.870364245613181,206636866.42,-0.750878386430156,1598107401.42,-0.471748964502803,-0.350243,-0.214039,0.01436687,0.5703187966,-,-,-,-,-,-,-,-,-,-,-,-,-,-,-,-,-,-,-,-,-,-,-,-,2020-12-11T18:11:00
603536,016012,80329960,惠发食品,食品饮料,shzb,001,001,2,2020-12-10T00:00:00,2019-12-31T00:00:00,1224595750.42,453990595.0,216352248.93,0.139802178582373,166945758.37,0.0181637035178852,158452938.64,0.0593939008281255,575036069.9,113022710.29,0.708565879875804,4263801.68,-0.329515719559718,649559680.52,-0.0142192392680572,0.059814,0.158056,0.01123218,0.4695721586,-,-,-,-,-,-,-,-,-,-,-,-,-,-,-,-,-,-,-,-,-,-,-,-,2020-12-09T15:49:19
688608,016022,81048463,恒玄科技,电子元件,,001,001,2,2020-12-09T00:00:00,2019-12-31T00:00:00,630859851.48,7302555.71,418321378.92,5.191283094967,10217604.01,-0.582336493785201,152096395.06,0.792480044393219,108806504.56,80423917.99,-0.0805339936485237,5736614.13,13.2628815947297,522053346.92,3.57648882786171,1.924092,0.070165,0.05567802,0.1724733383,-,-,-,-,-,-,-,-,-,-,-,-,-,-,-,-,-,-,-,-,-,-,-,-,2020-12-08T19:12:47
300923,016008,80995103,研奥股份,交运设备,cyb,001,001,2,2020-12-09T00:00:00,2019-12-31T00:00:00,718323583.9,84220976.47,21578333.23,-0.150335325136738,270285813.9,0.183087456264544,96381737.47,-0.122073290667947,168364379.66,60065011.41,-0.259403632005842,367635.18,-0.404350482541735,549959204.24,0.100740207800187,0.123106,0.202945,0.03382378,0.2343851482,-,-,-,-,-,-,-,-,-,-,-,-,-,-,-,-,-,-,-,-,-,-,-,-,2020-12-09T07:25:40
605186,016047,80932335,健麾信息,医疗行业,shzb,001,001,2,2020-12-09T00:00:00,2019-12-31T00:00:00,482404902.24,2213987.27,148625929.2,0.11033015767683,140127701.86,0.209241618007129,37335488.17,-0.0176704504278316,131292046.61,13838698.41,1.01591779578453,27131275.04,0.0126896316529957,351112855.63,0.373878260531736,0.357391,0.315184,0.0421283,0.27216151,-,-,-,-,-,-,-,-,-,-,-,-,-,-,-,-,-,-,-,-,-,-,-,-,2020-12-09T07:09:10
605500,016025,80995309,森林包装,造纸印刷,shzb,001,001,2,2020-12-08T00:00:00,2019-12-31T00:00:00,1505596371.34,746119949.79,37539563.13,-0.552222400469363,202961670.57,-0.0598580907703497,119536751.27,-0.12203319288054,503436468.87,111693928.52,-0.092223816355904,13285938.41,-0.214066987325036,1002159902.47,0.234459964053057,-0.039853,-0.334316,0.01106971,0.3343767815,-,-,-,-,-,-,-,-,-,-,-,-,-,-,-,-,-,-,-,-,-,-,-,-,2020-12-08T07:31:32
003026,016022,80380768,中晶科技,电子元件,zxb,001,001,2,2020-12-08T00:00:00,2019-12-31T00:00:00,438126861.8,123750033.47,18367134.14,-0.294767853840628,78102963.13,-0.0643080953315565,70526272.96,0.0280988869117633,82481097.43,34257630.45,0.0411617616138158,198706.37,-0.613916734437943,355645764.37,0.231678363441771,0.048535,-0.361096,0.04024268,0.1882584809,-,-,-,-,-,-,-,-,-,-,-,-,-,-,-,-,-,-,-,-,-,-,-,-,2020-12-08T07:14:59
300920,016018,80410835,润阳科技,塑胶制品,cyb,001,001,2,2020-12-07T00:00:00,2019-12-31T00:00:00,483409264.67,86913445.92,97462670.62,7.92356159417991,81611802.66,0.122567184055697,15053535.88,-0.447294759319447,96993117.06,40928483.65,0.140714736433941,871834.85,0.313574054914994,386416147.61,0.426847173211498,0.436362,0.475564,0.03114696,0.2006438936,-,-,-,-,-,-,-,-,-,-,-,-,-,-,-,-,-,-,-,-,-,-,-,-,2020-12-07T08:03:32
300921,016015,80994489,南凌科技,通讯行业,cyb,001,001,2,2020-12-07T00:00:00,2019-12-31T00:00:00,282515563.03,58462529.01,94434391.36,-0.130850311558974,99045450.42,0.238504875525614,7539315.87,2.51058723419568,81193323.68,46552760.82,0.011299587077173,9563548.3,-0.0781608182920979,201322239.35,0.303177303610649,0.093626,-0.218118,0.02691324,0.2873941627,-,-,-,-,-,-,-,-,-,-,-,-,-,-,-,-,-,-,-,-,-,-,-,-,2020-12-07T07:27:01
003027,016048,80994785,同兴环保,环保工程,zxb,001,001,2,2020-12-07T00:00:00,2019-12-31T00:00:00,1107750568.15,101398780.99,78302272.64,0.886385657322314,293199213.2,0.554826334155804,210545343.59,-0.117353328438763,497074781.65,150570646.11,0.505140058081893,142492164.46,0.203343298744351,610675786.5,0.43885827296622,0.406723,0.369155,0.01942578,0.4487244655,-,-,-,-,-,-,-,-,-,-,-,-,-,-,-,-,-,-,-,-,-,-,-,-,2020-12-06T17:54:09
688136,016024,81045727,科兴制药,医药制造,,001,001,2,2020-12-07T00:00:00,2019-12-31T00:00:00,1180011923.69,299247736.58,150958764.57,1.73628181603801,302093579.69,0.246716266420149,138244166.57,0.621537238240113,483669312.06,132920892.55,-0.018143716041042,10886403.44,0.476362832189584,696342611.63,0.408289975665178,0.381216,0.344017,0.01472099,0.4098851057,-,-,-,-,-,-,-,-,-,-,-,-,-,-,-,-,-,-,-,-,-,-,-,-,2020-12-06T15:34:05
688571,016041,80314246,杭华股份,化工行业,,001,001,2,2020-12-04T00:00:00,2019-12-31T00:00:00,1214985661.27,148177045.0,346127079.32,0.186521842610436,260168747.08,0.0187906605796383,151388225.12,0.0529233235792078,337660055.64,253967520.83,0.119194090433794,735396.94,0.19435320965246,877325605.63,0.0718417975932164,0.088631,0.134818,0.02660521,0.2779127906,-,-,-,-,-,-,-,-,-,-,-,-,-,-,-,-,-,-,-,-,-,-,-,-,2020-12-03T19:16:36
300913,016015,80690580,兆龙互连,通讯行业,cyb,001,001,2,2020-12-04T00:00:00,2019-12-31T00:00:00,595803582.14,112167013.61,37986030.28,-0.0917633241145479,251334316.45,0.136646219668604,100421083.17,-0.0201379126004965,243744954.44,56655372.88,0.327756114719835,3850162.92,0.330908214677459,352058627.7,0.271895496769327,0.107154,-0.067332,0.01777763,0.4091028684,-,-,-,-,-,-,-,-,-,-,-,-,-,-,-,-,-,-,-,-,-,-,-,-,2020-12-03T20:53:38
300263,016043,80181617,隆华科技,机械行业,cyb,001,001,2,2020-12-03T00:00:00,2019-12-31T00:00:00,4683452110.43,457530934.97,519879610.75,-0.195342754119805,1026971623.91,0.163546234738962,533452799.47,-0.0707033671460902,1669298648.84,567400227.09,0.0722605461618593,275708317.88,-0.0314492729992003,3014153461.59,0.0681015386667928,0.054293,0.030244,0.0159768,0.3564248357,-,-,-,-,-,-,-,-,-,-,-,-,-,-,-,-,-,-,-,-,-,-,-,-,2020-12-03T18:53:09
300195,016043,80167843,长荣股份,机械行业,cyb,001,001,2,2020-12-03T00:00:00,2019-12-31T00:00:00,6868932567.39,717593125.0,460918006.15,-0.448483757924455,438222180.81,0.0582811694835455,479184711.85,-0.079081964924412,3366078094.95,296907253.82,0.152644417675276,68395315.25,0.730171414092935,3502854472.44,-0.0851360035102496,-0.111808,0.126031,0.01282426,0.4900438404,-,-,-,-,-,-,-,-,-,-,-,-,-,-,-,-,-,-,-,-,-,-,-,-,2020-12-03T19:56:39
688678,016022,80520363,福立旺,电子元件,,001,001,2,2020-12-03T00:00:00,2019-12-31T00:00:00,816694451.49,229401905.42,101200174.26,1.49694891219519,228927965.42,0.78698820740421,82199233.64,0.276955672731033,275715108.01,123526591.52,0.669033980136184,117264.11,0.384606983058228,540979343.48,0.589782328552597,0.575481,0.548156,0.01855583,0.3375988505,-,-,-,-,-,-,-,-,-,-,-,-,-,-,-,-,-,-,-,-,-,-,-,-,2020-12-16T19:26:38
003021,016043,80995013,兆威机电,机械行业,zxb,001,001,2,2020-12-03T00:00:00,2019-12-31T00:00:00,1182427341.28,268571059.81,155950643.44,0.941687505096994,277719399.77,0.493262801728857,184806914.03,0.662745202400059,502896270.76,214470321.8,0.575053290675304,10584824.6,-0.235068940010362,679531070.52,1.14332668767017,0.782488,0.452145,0.01873529,0.4253083916,-,-,-,-,-,-,-,-,-,-,-,-,-,-,-,-,-,-,-,-,-,-,-,-,2020-12-02T21:32:34
300220,016022,80167845,金运激光,电子元件,cyb,001,001,2,2020-12-02T00:00:00,2019-12-31T00:00:00,422339206.08,85149435.11,92492996.83,0.15587363124996,35125902.93,0.49599514103047,79876131.09,-0.073574221718231,126641648.81,36070734.52,0.3482591142601,18238993.09,-0.248427881355268,295697557.27,0.147732350531279,0.076963,0.125811,0.02029845,0.2998576665,-,-,-,-,-,-,-,-,-,-,-,-,-,-,-,-,-,-,-,-,-,-,-,-,2020-12-02T20:32:03
688590,016057,80009638,新致软件,软件服务,,001,001,2,2020-12-01T00:00:00,2019-12-31T00:00:00,1350891765.61,91293336.32,306283609.17,0.155148904220994,624721677.8,0.343837755132417,153828925.21,0.0258986536067954,663947380.56,12954553.76,0.364639713720138,8236235.79,-0.235185190044846,686944385.05,0.129581548864584,0.176326,0.228944,0.01761674,0.4914882135,-,-,-,-,-,-,-,-,-,-,-,-,-,-,-,-,-,-,-,-,-,-,-,-,2020-11-30T20:08:08
000584,016043,10000921,哈工智能,机械行业,szzb,001,001,2,2020-12-01T00:00:00,2019-12-31T00:00:00,4534081049.86,104653119.88,277988086.04,-0.574998999577006,588458852.32,0.754444304924319,1218842840.89,0.180834450331885,2668231556.51,629000145.0,0.364399543687667,349845229.46,-0.154131893013797,1865849493.35,0.0373897518305839,0.008738,-0.010375,0.01111338,0.5884834274,-,-,-,-,-,-,-,-,-,-,-,-,-,-,-,-,-,-,-,-,-,-,-,-,2020-11-30T20:46:37
003023,016019,80012732,彩虹集团,家电行业,zxb,001,001,2,2020-12-01T00:00:00,2019-12-31T00:00:00,1305495142.9,263966628.02,295989269.06,-0.216298426810366,120408442.13,-0.180104807567716,474881631.59,0.235392782472875,512447841.19,89469992.92,0.118592295231054,239945334.0,-0.0844419010147355,793047301.71,0.0759773107372456,-0.012273,-0.123523,0.01806639,0.3925314039,-,-,-,-,-,-,-,-,-,-,-,-,-,-,-,-,-,-,-,-,-,-,-,-,2020-12-01T07:52:51
003025,016043,80439292,思进智能,机械行业,zxb,001,001,2,2020-12-01T00:00:00,2019-12-31T00:00:00,508398635.66,118270916.83,79317050.27,-0.310199885175527,38459079.12,0.134290068943123,145396312.69,-0.00796167929516289,117186035.19,51535346.71,-0.165398869059058,16553208.34,-0.507115288882698,391212600.47,0.147823271192156,0.047491,-0.18913,0.03269699,0.2305002944,-,-,-,-,-,-,-,-,-,-,-,-,-,-,-,-,-,-,-,-,-,-,-,-,2020-12-01T07:52:51
605299,016060,80496722,舒华体育,文教休闲,shzb,001,001,2,2020-12-01T00:00:00,2019-12-31T00:00:00,1595250093.85,677596611.4,150806410.19,-0.0291468959663883,305897966.9,0.293289245357017,202055737.69,0.123487117294494,718176029.03,152162281.92,0.280325440329563,85837746.52,0.50414424408169,877074064.82,0.110706653329034,0.094707,0.075782,0.0119957,0.4501965126,-,-,-,-,-,-,-,-,-,-,-,-,-,-,-,-,-,-,-,-,-,-,-,-,2020-12-01T07:27:51
300912,016048,80746567,凯龙高科,环保工程,cyb,001,001,2,2020-11-30T00:00:00,2019-12-31T00:00:00,1409040968.31,346024160.95,51909634.13,0.983217389186883,452220431.5,0.298618743708987,200486572.53,0.283619504015237,736948975.65,248909744.75,-0.0345341420094513,2244076.53,-0.662063923952543,672091992.66,0.100207696262108,0.162878,0.226599,0.01365939,0.5230145838,-,-,-,-,-,-,-,-,-,-,-,-,-,-,-,-,-,-,-,-,-,-,-,-,2020-11-29T17:32:59
688699,016022,80198772,明微电子,电子元件,,001,001,2,2020-11-30T00:00:00,2019-12-31T00:00:00,447437256.2,73894905.64,92618915.74,0.0452483728470586,34629782.87,0.108754137793611,82168915.14,-0.259824575805742,112119342.61,66868598.96,0.567081947795117,2832427.39,-0.376434387104191,335317913.59,0.252470355907483,0.240007,0.204171,0.0340182,0.2505811509,-,-,-,-,-,-,-,-,-,-,-,-,-,-,-,-,-,-,-,-,-,-,-,-,2020-11-29T16:08:01
605266,016047,80642026,健之佳,医疗行业,shzb,001,001,2,2020-11-30T00:00:00,2019-12-31T00:00:00,1995601067.76,367832099.64,443280024.17,0.34986427095093,132555303.0,-0.206019481660568,609059975.12,0.15292134744879,1417799211.56,734301968.87,0.119559405883051,7821906.58,0.0907893795221523,577801856.2,0.291176634074115,0.181717,0.142254,0.01027046,0.7104622434,-,-,-,-,-,-,-,-,-,-,-,-,-,-,-,-,-,-,-,-,-,-,-,-,2020-11-29T15:52:02
688557,016061,80202984,兰剑智能,专用设备,,001,001,2,2020-11-27T00:00:00,2019-12-31T00:00:00,613796262.12,160397426.59,109367075.75,1.30285315863267,154622907.35,0.591071562503468,103139425.71,0.289696141024333,280345678.09,58078260.74,-0.178661632406348,161520826.42,1.80456051850384,333450584.03,0.806178646417342,0.407525,0.114848,0.01760079,0.4567406082,-,-,-,-,-,-,-,-,-,-,-,-,-,-,-,-,-,-,-,-,-,-,-,-,2020-11-26T19:17:24
300911,016019,80995107,亿田智能,家电行业,cyb,001,001,2,2020-11-26T00:00:00,2019-12-31T00:00:00,608940151.69,134374451.27,283444556.44,0.290580292524757,10276375.29,1.74313010743511,54914247.58,0.18643253010852,322970061.12,77610138.54,0.310287577455224,72943901.85,-0.325254716529991,285970090.57,0.706140411835544,0.181698,-0.071117,0.01286859,0.5303806297,-,-,-,-,-,-,-,-,-,-,-,-,-,-,-,-,-,-,-,-,-,-,-,-,2020-11-25T21:00:42
688160,016021,80496884,步科股份,仪器仪表,,001,001,2,2020-11-26T00:00:00,2019-12-31T00:00:00,314566900.05,35442756.94,116809130.87,0.320836209219461,33614558.54,0.275955860515149,65802345.96,0.205551123165525,71926956.87,48779986.77,0.356741386942749,4605975.05,-0.0136722871376132,242639943.18,0.137336159158866,0.161113,0.249214,0.0355021,0.2286539266,-,-,-,-,-,-,-,-,-,-,-,-,-,-,-,-,-,-,-,-,-,-,-,-,2020-11-25T17:38:13
600634,016057,10000441,*ST富控,软件服务,,001,001,2,2020-11-25T00:00:00,2019-12-31T00:00:00,4907876227.48,31983697.13,76009276.99,-0.8384845969698,904760.15,-0.992502505044483,-,-,7204599684.45,685239.01,-0.984176104230644,4669078.27,-0.578140755405581,-2296723456.97,0.348754998351144,0.07909,-0.10777,0.0088249,1.467966866,-,-,-,-,-,-,-,-,-,-,-,-,-,-,-,-,-,-,-,-,-,-,-,-,2020-11-25T08:14:58
688578,016024,80319701,艾力斯,医药制造,,001,001,2,2020-11-25T00:00:00,2019-12-31T00:00:00,1328414412.65,126720683.39,392580977.71,2.05238274953829,634131.78,-0.0310906674000733,252135.12,5.05646209677652,144022266.23,17916536.13,0.310365321311128,-,-,1184392146.42,15.6731381309045,2.542464,-0.526182,0.06862186,0.1084166694,-,-,-,-,-,-,-,-,-,-,-,-,-,-,-,-,-,-,-,-,-,-,-,-,2020-11-24T20:41:41
688510,016034,80534171,航亚科技,航天航空,,001,001,2,2020-11-25T00:00:00,2019-12-31T00:00:00,627776943.55,273940517.95,74317585.92,-0.0503971264206304,59005715.0,0.247423096221933,67994074.92,0.355939554588155,221089959.44,94018337.61,0.034524417422053,3036152.74,4.06597565740951,406686984.11,0.109675152507912,0.174731,0.316729,0.01372452,0.3521791644,-,-,-,-,-,-,-,-,-,-,-,-,-,-,-,-,-,-,-,-,-,-,-,-,2020-12-08T19:44:30
002213,016035,80104753,大为股份,汽车行业,zxb,001,001,2,2020-11-24T00:00:00,2019-12-31T00:00:00,462557241.28,20915825.65,114704402.16,2.38678944983354,74387058.48,1.43166170228318,40688395.42,0.19763172065221,87951822.38,53873071.35,1.61817427881585,201396.33,-0.698592457999351,374605418.9,0.0161428610709934,0.080847,0.483073,0.042805,0.1901425695,-,-,-,-,-,-,-,-,-,-,-,-,-,-,-,-,-,-,-,-,-,-,-,-,2020-11-23T21:33:12
605151,016035,80132965,西上海,汽车行业,shzb,001,001,2,2020-11-24T00:00:00,2019-12-31T00:00:00,1115267450.12,162827893.77,255656202.02,0.0810757217302484,372417405.09,0.0410578977846786,40551496.83,0.228420680748818,512491656.81,299863281.51,-0.030948756505082,2352478.33,1.89528649785319,602775793.31,0.19412531378009,0.015082,-0.137093,0.01493944,0.459523549,-,-,-,-,-,-,-,-,-,-,-,-,-,-,-,-,-,-,-,-,-,-,-,-,2020-11-24T09:04:48
003022,016041,80994704,联泓新科,化工行业,zxb,001,001,2,2020-11-24T00:00:00,2019-12-31T00:00:00,7903474641.85,5150416387.57,929019633.77,-0.156751721457879,137323935.72,1.10580178816542,373623795.44,-0.0138613272982102,4632289883.98,130182414.22,0.268363217882359,75228713.16,0.130407241931413,3271184757.87,0.244446321343001,-0.051603,-0.188013,0.00603057,0.5861080213,-,-,-,-,-,-,-,-,-,-,-,-,-,-,-,-,-,-,-,-,-,-,-,-,2020-11-24T07:04:48
605183,016041,80439109,确成股份,化工行业,shzb,001,001,2,2020-11-24T00:00:00,2019-12-31T00:00:00,2013262019.09,686943785.85,601483398.96,0.0556220410711567,285364548.92,-0.0209762518441439,133630070.14,0.45517074336159,338149269.86,181257701.18,0.645847871511427,1624900.96,0.727451755338289,1675112749.23,0.138231398775837,0.124984,0.06366,0.03300538,0.1679608847,-,-,-,-,-,-,-,-,-,-,-,-,-,-,-,-,-,-,-,-,-,-,-,-,2020-11-24T07:21:30
601686,016059,81018317,友发集团,金属制品,shzb,001,001,2,2020-11-23T00:00:00,2019-12-31T00:00:00,8855345946.47,2078993208.05,2853885466.66,0.634339513997247,196649389.7,-0.253113250871318,1790259119.24,0.0148481087535776,4689245230.37,187049758.99,-0.49783932575748,399204441.36,0.436532151380506,4166100716.1,0.220118837960191,0.189891,0.164265,0.01385184,0.5295383443,-,-,-,-,-,-,-,-,-,-,-,-,-,-,-,-,-,-,-,-,-,-,-,-,2020-11-23T07:14:55
688308,016059,80531911,欧科亿,金属制品,,001,001,2,2020-11-23T00:00:00,2019-12-31T00:00:00,1007440243.76,374728136.25,170366601.11,0.109083302283687,94849139.11,-0.0273585527164565,158635354.94,-0.0433875149639439,329270167.75,78484401.0,-0.368990955699205,5710173.42,0.178887506746629,678170076.01,0.136957714692676,0.063223,-0.06206,0.02338236,0.3268384103,-,-,-,-,-,-,-,-,-,-,-,-,-,-,-,-,-,-,-,-,-,-,-,-,2020-11-22T19:18:05
002475,016022,80150802,立讯精密,电子元件,zxb,001,001,2,2020-11-21T00:00:00,2019-12-31T00:00:00,49377910671.23,13707298535.36,6180466259.01,0.618087092746647,13243625572.22,0.189796146585931,7700857888.16,0.62644625058556,27628207376.51,17268223180.16,0.734570488526683,101609379.21,2.23259475273418,21749703294.72,0.30434278561778,0.354993,0.397721,0.01236977,0.5595256462,-,-,-,-,-,-,-,-,-,-,-,-,-,-,-,-,-,-,-,-,-,-,-,-,2020-11-20T21:03:50
603555,016010,80198570,*ST贵人,纺织服装,,001,001,2,2020-11-20T00:00:00,2019-12-31T00:00:00,3852618016.84,492486863.5,25265392.16,-0.828761034865314,1156397399.05,-0.217703648649303,340218550.71,-0.323214230237482,3427109811.53,610328243.79,0.00650446344820625,10209612.75,-0.74452237057093,425508205.31,-0.721890866951209,-0.189439,0.063322,0.00541692,0.8895534923,-,-,-,-,-,-,-,-,-,-,-,-,-,-,-,-,-,-,-,-,-,-,-,-,2020-11-19T21:00:33
300916,016022,80995320,朗特智能,电子元件,cyb,001,001,2,2020-11-18T00:00:00,2019-12-31T00:00:00,413332102.67,64150628.47,36898347.15,-0.299391156326214,187162339.52,0.562540517541045,82328530.78,-0.0366346507535876,161800259.35,129305800.56,0.105977618866579,5803358.66,0.285914424384595,251531843.32,0.263408001207938,0.178371,0.066751,0.02104745,0.3914534059,-,-,-,-,-,-,-,-,-,-,-,-,-,-,-,-,-,-,-,-,-,-,-,-,2020-11-18T07:41:19
605376,016059,80509040,博迁新材,金属制品,shzb,001,001,2,2020-11-18T00:00:00,2019-12-31T00:00:00,678350662.33,209969498.02,107172128.15,0.414883458840996,85176026.35,-0.347364143652975,139031527.22,0.0891504009983481,113429271.34,17907970.95,-0.693425092011812,30274.79,-0.721943081652497,564921390.99,0.311891384746024,0.11026,-0.371122,0.03505233,0.1672133273,-,-,-,-,-,-,-,-,-,-,-,-,-,-,-,-,-,-,-,-,-,-,-,-,2020-11-25T08:19:25
605258,016022,80545327,协和电子,电子元件,shzb,001,001,2,2020-11-18T00:00:00,2019-12-31T00:00:00,773463942.37,249753607.48,69615332.37,1.05965515556158,214287701.3,-0.00566173280813595,82766574.73,-0.0665876612879457,284109142.13,113423597.38,0.642867018058973,40000.0,4.33333333333333,489354800.24,0.239545479084016,0.185063,0.10166,0.01763139,0.3673204743,-,-,-,-,-,-,-,-,-,-,-,-,-,-,-,-,-,-,-,-,-,-,-,-,2020-11-18T07:03:26
688219,016018,80999919,会通股份,塑胶制品,,001,001,2,2020-11-17T00:00:00,2019-12-31T00:00:00,4225875334.56,778744757.53,589365690.11,0.989636124479927,880075306.09,-0.0506309739398564,592952447.63,0.275874257704878,3046413694.39,499815179.63,0.194955445901564,5974716.71,0.0450700563263845,1179461640.17,0.191591780221429,0.168447,0.159726,0.01002325,0.7208953065,-,-,-,-,-,-,-,-,-,-,-,-,-,-,-,-,-,-,-,-,-,-,-,-,2020-11-16T19:36:53
300325,016040,80156737,德威新材,材料行业,cyb,001,001,2,2020-11-17T00:00:00,2019-12-31T00:00:00,3335326305.91,720699855.41,162676906.39,-0.779636527515446,218551886.64,-0.705942592556184,124764928.23,-0.327484589549265,2298556328.67,122698686.86,-0.398186117568014,4132466.68,-0.856437898836841,1036769977.24,-0.372648762737361,-0.215315,-0.11523,0.00895688,0.6891548586,-,-,-,-,-,-,-,-,-,-,-,-,-,-,-,-,-,-,-,-,-,-,-,-,2020-11-17T20:14:09
300915,016012,80650872,海融科技,食品饮料,cyb,001,001,2,2020-11-17T00:00:00,2019-12-31T00:00:00,420447890.51,105591065.05,172780072.77,0.176637809406139,25460409.27,0.0230706539535527,50957263.35,0.173365068051108,151007623.5,49643827.72,-0.142661475188603,57468774.25,0.293927816227764,269440267.01,0.292347069279401,0.181286,0.024233,0.01751574,0.3591589515,-,-,-,-,-,-,-,-,-,-,-,-,-,-,-,-,-,-,-,-,-,-,-,-,2020-11-17T07:41:17
688777,016057,81019831,中控技术,软件服务,,001,001,2,2020-11-17T00:00:00,2019-12-31T00:00:00,5070159477.6,219488096.93,325211798.7,0.429175804865693,779020246.92,0.103011509696314,1395802276.01,0.234619080219022,3220008090.48,759423043.12,0.208434664317262,1566216305.18,0.284892532261162,1850151387.12,0.564162128404245,0.373484,0.283578,0.01474552,0.6350901002,-,-,-,-,-,-,-,-,-,-,-,-,-,-,-,-,-,-,-,-,-,-,-,-,2020-11-16T20:42:22
300907,016043,81018322,康平科技,机械行业,cyb,001,001,2,2020-11-17T00:00:00,2019-12-31T00:00:00,581463352.32,167860411.43,61197810.7,-0.514203257102439,117517671.44,-0.0740853324575949,126370825.66,-0.108265713519621,180834607.32,145400409.34,0.058926591356255,159978.19,-0.841745193762094,400628745.0,0.0280232442952896,0.004067,-0.045224,0.02162166,0.3109991483,-,-,-,-,-,-,-,-,-,-,-,-,-,-,-,-,-,-,-,-,-,-,-,-,2020-11-17T10:09:17
300908,016012,80317020,仲景食品,食品饮料,cyb,001,001,2,2020-11-17T00:00:00,2019-12-31T00:00:00,589063543.36,258448408.26,92617962.82,-0.0640034140311819,71361482.19,0.155045543052564,125698609.03,-0.339062606822494,128525336.76,52365353.77,0.0538717610547963,14430659.91,0.924669404964981,460538206.6,0.00186803405857675,-0.099436,-0.338948,0.02759966,0.2181858616,-,-,-,-,-,-,-,-,-,-,-,-,-,-,-,-,-,-,-,-,-,-,-,-,2020-11-16T21:23:24
300909,016022,80172729,汇创达,电子元件,cyb,001,001,2,2020-11-17T00:00:00,2019-12-31T00:00:00,544370908.95,74935096.94,19102358.73,-0.823683185368696,200287130.2,0.639294743404129,61860483.78,0.708489590667782,200218843.05,125030716.31,0.698398176042142,787488.88,0.261082113730939,344152065.9,0.299496532142496,0.371945,0.517354,0.01574154,0.3677985722,-,-,-,-,-,-,-,-,-,-,-,-,-,-,-,-,-,-,-,-,-,-,-,-,2020-11-16T21:13:24
003004,016055,80126294,声迅股份,安防设备,zxb,001,001,2,2020-11-16T00:00:00,2019-12-31T00:00:00,500808145.89,6575448.35,111232250.27,0.15741330358535,316129643.29,0.455658600490523,16425745.71,-0.360101441861379,216759620.63,83816569.08,1.3574875065001,3418604.32,-0.453812732047214,284048525.26,0.247546035977118,0.266897,0.293183,0.02145649,0.4328196784,-,-,-,-,-,-,-,-,-,-,-,-,-,-,-,-,-,-,-,-,-,-,-,-,2020-11-16T07:15:11
003019,016021,80995268,宸展光电,仪器仪表,zxb,001,001,2,2020-11-16T00:00:00,2019-12-31T00:00:00,801648849.75,111706473.85,119911155.39,1.26992586036222,276609720.5,0.124710840102526,245401456.95,0.123916964542743,315455748.31,196046297.17,0.0650888829668261,3894975.1,5.16659474898831,486193101.44,0.22414212847344,0.165222,0.084753,0.02183563,0.3935086396,-,-,-,-,-,-,-,-,-,-,-,-,-,-,-,-,-,-,-,-,-,-,-,-,2020-11-15T16:49:55
002996,016032,80424450,顺博合金,有色金属,zxb,001,001,2,2020-11-14T00:00:00,2019-12-31T00:00:00,2205581269.25,427278884.67,256026423.08,0.31649523439172,811917516.47,0.0814914600295779,304608656.27,0.0627176365444906,835079400.42,140140627.3,0.0895809285194554,4193678.87,-0.465191415699106,1370501868.83,0.111757814478905,0.088899,0.053355,0.01997254,0.3786210067,-,-,-,-,-,-,-,-,-,-,-,-,-,-,-,-,-,-,-,-,-,-,-,-,2020-11-13T17:10:51
600354,016009,10001324,*ST敦种,农牧饲渔,,001,001,2,2020-11-13T00:00:00,2019-12-31T00:00:00,1964665507.74,547167096.13,343627324.75,-0.311588504776727,195796075.22,0.0266886139149228,362041933.37,-0.211634868713398,1416364978.01,206185357.03,0.576694997209272,97784330.58,0.0637509074520406,548300529.73,-0.355997065961032,-0.075584,0.111824,0.00846923,0.720919145,-,-,-,-,-,-,-,-,-,-,-,-,-,-,-,-,-,-,-,-,-,-,-,-,2020-11-12T16:48:46
002863,016035,80107180,今飞凯达,汽车行业,zxb,001,001,2,2020-11-13T00:00:00,2019-12-31T00:00:00,4462913450.92,1491177656.43,345293204.11,-0.0729309727642544,401472217.25,-0.128700658136268,948154578.06,0.105365271704296,3405775059.5,199672096.78,-0.0216317613485226,46126564.77,-0.0830956913280611,1057138391.42,0.0957548040320513,0.092293,0.091223,0.00697844,0.763128189,-,-,-,-,-,-,-,-,-,-,-,-,-,-,-,-,-,-,-,-,-,-,-,-,2020-11-12T16:33:51
300240,016003,80173989,飞力达,交运物流,cyb,001,001,2,2020-11-12T00:00:00,2019-12-31T00:00:00,2565223830.76,326226710.4,424957022.84,-0.0940843205292824,595701546.69,0.108126918230276,120576885.62,0.0373150738244295,1213664386.57,255583030.86,0.0351814101663717,63462528.23,-0.11989327808379,1351559444.19,0.0833294866668498,0.065637,0.046602,0.0123955,0.4731222173,-,-,-,-,-,-,-,-,-,-,-,-,-,-,-,-,-,-,-,-,-,-,-,-,2020-11-12T18:18:18
688981,016022,80013237,中芯国际,电子元件,,001,001,2,2020-11-12T00:00:00,2019-12-31T00:00:00,114817063000.0,36866121000.0,37268473000.0,0.23767775042594,3283285000.0,0.106673919120276,4389932000.0,-0.0120885666448731,43558039000.0,2175881000.0,-0.00418378435707888,6024000.0,-0.501378334225614,71259024000.0,0.166214854477198,0.161588,0.154099,0.0239005,0.3793690403,-,-,-,-,-,-,-,-,-,-,-,-,-,-,-,-,-,-,-,-,-,-,-,-,2020-11-11T19:04:49
002838,016018,80197632,道恩股份,塑胶制品,zxb,001,001,2,2020-11-12T00:00:00,2019-12-31T00:00:00,1916031627.53,403378458.33,219710278.04,0.530839428643202,473665712.72,0.154423992014041,323081178.48,-0.0128225581954596,764283625.72,146827149.56,0.0204422649191387,7172299.96,-0.185121238788237,1151748001.81,0.15169206446042,0.106172,0.043989,0.01912158,0.398888836,-,-,-,-,-,-,-,-,-,-,-,-,-,-,-,-,-,-,-,-,-,-,-,-,2020-11-11T19:36:17
003020,016047,80404405,立方制药,医疗行业,zxb,001,001,2,2020-11-11T00:00:00,2019-12-31T00:00:00,889813094.5,115083329.21,223244083.97,0.445344972766872,231332503.27,0.122672300715521,179166835.48,0.0612433544706362,299815394.77,102701020.87,0.204596062015831,16485156.5,0.597444199206868,589997699.73,0.166693706296127,0.154092,0.130072,0.02469026,0.33694199,-,-,-,-,-,-,-,-,-,-,-,-,-,-,-,-,-,-,-,-,-,-,-,-,2020-11-11T07:13:26
688135,016022,80431439,利扬芯片,电子元件,,001,001,2,2020-11-10T00:00:00,2019-12-31T00:00:00,580008177.05,346597110.56,93292103.55,0.507555509829575,46443004.25,-0.0196783762301548,5133342.43,-0.133737681704162,126526500.4,38362823.28,2.73560997395806,-,-,453481676.65,0.26803128745418,0.419598,1.48357,0.01633135,0.2181460631,-,-,-,-,-,-,-,-,-,-,-,-,-,-,-,-,-,-,-,-,-,-,-,-,2020-11-09T20:21:38
605068,016035,80994707,明新旭腾,汽车行业,shzb,001,001,2,2020-11-10T00:00:00,2019-12-31T00:00:00,943404300.03,211501630.14,33690010.99,0.477072825644988,202074402.32,0.514745964057838,201276598.35,0.0288355626283044,329816811.64,86505246.74,0.406596986317942,344365.33,-0.288277927094631,613587488.39,0.412759626016476,0.337243,0.216289,0.02621799,0.3496028284,-,-,-,-,-,-,-,-,-,-,-,-,-,-,-,-,-,-,-,-,-,-,-,-,2020-11-10T07:10:54
300884,016021,80995310,狄耐克,仪器仪表,cyb,001,001,2,2020-11-09T00:00:00,2019-12-31T00:00:00,687886350.52,13254247.08,110780324.84,0.489137001443799,315629338.89,0.366828278620508,99434440.46,0.576329512668401,305667872.45,121416594.71,0.362281404540932,29871862.2,0.783376449587208,382218478.07,0.567345044912052,0.483096,0.389689,0.02035248,0.444358101,-,-,-,-,-,-,-,-,-,-,-,-,-,-,-,-,-,-,-,-,-,-,-,-,2020-11-08T17:05:26
605007,016025,80994709,五洲特纸,造纸印刷,shzb,001,001,2,2020-11-09T00:00:00,2019-12-31T00:00:00,2519175301.11,622195347.11,171612807.12,-0.0675652709840203,503724377.4,0.226651421439284,225362115.4,0.0458491119098701,1510535206.9,251188110.32,0.0189073873883226,6121029.54,0.104038410524816,1008640094.21,0.246175436216152,0.27442,0.294003,0.00921172,0.5996149638,-,-,-,-,-,-,-,-,-,-,-,-,-,-,-,-,-,-,-,-,-,-,-,-,2020-11-08T15:12:04
300910,016041,80994725,瑞丰新材,化工行业,cyb,001,001,2,2020-11-09T00:00:00,2019-12-31T00:00:00,957649780.83,161799821.33,185194697.8,1.2374382225152,99019161.1,0.403252834801645,98143366.27,-0.0182903805912325,80658935.86,54462601.95,0.309971922480576,4576904.16,-0.289728580022971,876990844.97,0.99939599314983,0.81685,-0.088246,0.08409019,0.0842259221,-,-,-,-,-,-,-,-,-,-,-,-,-,-,-,-,-,-,-,-,-,-,-,-,2020-11-09T08:18:29
601633,016035,10002291,长城汽车,汽车行业,shzb,001,001,2,2020-11-07T00:00:00,2019-12-31T00:00:00,113096409468.96,29743309551.28,9723312735.05,0.265712960253966,3193188485.27,-0.0448765975459362,6237193915.62,0.403160139087827,58697179552.06,25439536613.98,0.00964934633059196,-,-,54399229916.9,0.0324670390210484,0.011592,-0.007015,0.01254623,0.5190012647,-,-,-,-,-,-,-,-,-,-,-,-,-,-,-,-,-,-,-,-,-,-,-,-,2020-11-10T11:46:24
003015,016022,80457116,日久光电,电子元件,zxb,001,001,2,2020-11-06T00:00:00,2019-12-31T00:00:00,1002060735.32,432067669.61,112704455.58,0.820498872550419,194990817.26,0.317087847662731,92481584.22,-0.134293480785431,387497362.04,94927811.75,0.566060889935451,68412.23,-0.476567099064309,614563373.28,0.160288763243421,0.395264,1.055437,0.01566893,0.3867004747,-,-,-,-,-,-,-,-,-,-,-,-,-,-,-,-,-,-,-,-,-,-,-,-,2020-11-05T16:38:29
605177,016024,80153560,东亚药业,医药制造,shzb,001,001,2,2020-11-06T00:00:00,2019-12-31T00:00:00,1106595260.22,498837441.6,133227057.43,0.189830144249001,79591779.89,-0.0608558003339993,289821940.62,-0.0536541334436075,258552854.09,143256620.03,-0.0419907891277102,9740149.86,-0.441043285722431,848042406.13,0.192914467204722,0.011721,-0.324708,0.02347826,0.2336471729,-,-,-,-,-,-,-,-,-,-,-,-,-,-,-,-,-,-,-,-,-,-,-,-,2020-11-13T08:36:11
688529,016035,81043475,豪森股份,汽车行业,,001,001,2,2020-11-06T00:00:00,2019-12-31T00:00:00,2232973835.93,348783870.5,168741522.08,0.627283367857794,222924716.54,0.324051883361623,1161316858.51,-0.0685499887367248,1872093929.94,386350930.39,-0.0416831832612564,811173292.7,-0.165052585783469,360879905.99,5.71628125927317,0.022598,-0.121039,0.00925422,0.8383859675,-,-,-,-,-,-,-,-,-,-,-,-,-,-,-,-,-,-,-,-,-,-,-,-,2020-11-05T19:27:01
688057,016048,80372518,金达莱,环保工程,,001,001,2,2020-11-06T00:00:00,2019-12-31T00:00:00,1820114498.04,137752545.07,469724047.41,0.0190403373398039,642094276.39,0.0572652383643611,228470748.39,0.565065512963673,628136314.14,202479786.14,0.355763410292459,151886385.65,0.731146401550288,1191978183.9,0.0825300362223667,0.07332,0.056267,0.02502357,0.3451081318,-,-,-,-,-,-,-,-,-,-,-,-,-,-,-,-,-,-,-,-,-,-,-,-,2020-11-05T19:18:59
003018,016018,80995290,金富科技,塑胶制品,zxb,001,001,2,2020-11-05T00:00:00,2019-12-31T00:00:00,852866642.61,351681591.09,207652595.58,0.85296598957205,61539125.22,-0.0272735305802702,155650823.04,0.133361962169676,141946574.89,25059932.7,0.558797723779478,691678.4,-0.288605054320151,710920067.72,0.170909199443571,0.132137,-0.028911,0.03509139,0.1664346661,-,-,-,-,-,-,-,-,-,-,-,-,-,-,-,-,-,-,-,-,-,-,-,-,2020-11-04T21:56:13
003005,016057,80994898,竞业达,软件服务,zxb,001,001,2,2020-11-05T00:00:00,2019-12-31T00:00:00,908695108.72,5851632.59,174942242.33,-0.0610874651373232,237257066.9,0.504367519719139,141329520.24,-0.337865822498786,449232267.32,196940285.2,0.240058437677434,67786075.23,-0.429138477677502,459462841.4,0.482951193574979,0.165037,-0.044473,0.01584951,0.4943707334,-,-,-,-,-,-,-,-,-,-,-,-,-,-,-,-,-,-,-,-,-,-,-,-,2020-11-04T16:10:04
002571,016044,80169981,德力股份,玻璃陶瓷,zxb,001,001,2,2020-11-05T00:00:00,2019-12-31T00:00:00,1934518088.76,497698341.1,207015154.73,0.200466166675206,135054743.72,-0.199526256056652,309598053.79,0.134416852439535,467157645.53,167290821.09,0.0378652090900396,20981907.69,0.409987514096384,1467360443.23,0.041637088370415,0.096463,0.313646,0.01678789,0.2414852817,-,-,-,-,-,-,-,-,-,-,-,-,-,-,-,-,-,-,-,-,-,-,-,-,2020-11-04T16:11:06
300905,016041,81018321,宝丽迪,化工行业,cyb,001,001,2,2020-11-04T00:00:00,2019-12-31T00:00:00,448115419.98,103828026.49,104146575.33,0.667967766426952,45610517.48,0.068259482177441,79829238.45,0.101597734205873,72045848.69,49789115.34,-0.0618203998594952,3126373.08,-0.460599000512949,376069571.29,0.36548375289263,0.248955,-0.135944,0.04519036,0.1607752054,-,-,-,-,-,-,-,-,-,-,-,-,-,-,-,-,-,-,-,-,-,-,-,-,2020-11-03T21:20:03
300906,016061,80462012,日月明,专用设备,cyb,001,001,2,2020-11-04T00:00:00,2019-12-31T00:00:00,362342782.41,16088470.03,150744962.34,0.0108002484929233,143883470.32,0.103095354158899,10585218.68,-0.181228075862193,80956808.95,42666230.11,-0.178876053054292,1002318.72,2.01366179859482,281385973.46,0.196143768241295,0.079742,-0.193162,0.04553012,0.2234260288,-,-,-,-,-,-,-,-,-,-,-,-,-,-,-,-,-,-,-,-,-,-,-,-,2020-11-03T20:44:03
300903,016022,81007656,科翔股份,电子元件,cyb,001,001,2,2020-11-04T00:00:00,2019-12-31T00:00:00,1374942137.39,336251328.72,211424163.4,0.622091718910952,508913013.02,0.0192779759785547,109403788.82,0.0702190931334411,834614677.22,435745099.13,0.124104265902393,1299528.78,-0.489960263819599,540327460.17,0.175558939380509,0.150672,0.135115,0.01195646,0.607018037,-,-,-,-,-,-,-,-,-,-,-,-,-,-,-,-,-,-,-,-,-,-,-,-,2020-11-04T21:07:11
300158,016024,80158028,振东制药,医药制造,cyb,001,001,2,2020-11-03T00:00:00,2019-12-31T00:00:00,6915261745.89,992973544.23,505725024.77,-0.305456901799377,1098020417.67,-0.0877858456296391,593877477.75,0.0366438909554932,1474139130.35,341496576.63,0.204024665973432,68622870.1,-0.282339864409618,5441122615.54,0.0146778115054586,-0.041217,-0.203222,0.02720946,0.2131718487,-,-,-,-,-,-,-,-,-,-,-,-,-,-,-,-,-,-,-,-,-,-,-,-,2020-11-03T20:21:32
000993,016007,10001242,闽东电力,电力行业,szzb,001,001,2,2020-11-03T00:00:00,2019-12-31T00:00:00,3813331633.14,1725090630.95,79363863.46,-0.639872773431549,137301350.01,0.127053917579789,652267249.01,0.199977203692587,1756645437.55,145643654.01,0.188496934219202,19231387.71,-0.0828430689621584,2056686195.59,0.0691779577665911,-0.005244,-0.080204,0.01296871,0.460658974,-,-,-,-,-,-,-,-,-,-,-,-,-,-,-,-,-,-,-,-,-,-,-,-,2020-11-02T18:10:05
600793,016025,10000742,宜宾纸业,造纸印刷,shzb,001,001,2,2020-11-03T00:00:00,2019-12-31T00:00:00,3296019399.88,2275913876.97,197992136.9,0.873141130306506,142960362.1,-0.119618880515313,332082538.24,0.0670826356230823,2596453693.44,288117829.0,0.143309249642776,24181355.31,0.275447525100674,699565706.44,1.18500742281049,-0.095987,-0.219304,0.00502968,0.7877543723,-,-,-,-,-,-,-,-,-,-,-,-,-,-,-,-,-,-,-,-,-,-,-,-,2020-11-02T18:19:59
